{"cameraMode":{"drawMode":0,"name":"Shaded","section":"Shading Mode"},"sceneLighting":false,"audioPlay":false,"sceneViewState":{"showFog":false,"showMaterialUpdate":false,"showSkybox":false,"showFlares":false,"showImageEffects":false,"showParticleSystems":false},"in2DMode":false,"pivot":{"x":31.78518295288086,"y":-21.46171760559082,"z":7.150909423828125},"rotation":{"x":0.15614482760429383,"y":0.7069259285926819,"z":-0.16477446258068086,"w":0.6698804497718811},"size":156.61422729492188,"orthographic":false}