{"cameraMode":{"drawMode":0,"name":"Shaded","section":"Shading Mode"},"sceneLighting":false,"audioPlay":false,"sceneViewState":{"showFog":false,"showMaterialUpdate":false,"showSkybox":false,"showFlares":false,"showImageEffects":false,"showParticleSystems":false},"in2DMode":false,"pivot":{"x":-1.0296344757080079,"y":6.839570999145508,"z":1.5875930786132813},"rotation":{"x":-0.1871175616979599,"y":-0.7131118774414063,"z":0.20639365911483766,"w":-0.6434087753295898},"size":81.99173736572266,"orthographic":false}