{"cameraMode":{"drawMode":0,"name":"Shaded","section":"Shading Mode"},"sceneLighting":false,"audioPlay":false,"sceneViewState":{"showFog":false,"showMaterialUpdate":false,"showSkybox":false,"showFlares":false,"showImageEffects":false,"showParticleSystems":false},"in2DMode":false,"pivot":{"x":7.194887161254883,"y":8.836263656616211,"z":-4.920185089111328},"rotation":{"x":-0.031140217557549478,"y":0.7368670701980591,"z":0.033971305936574939,"w":0.6745017766952515},"size":4.057669162750244,"orthographic":false}