{"cameraMode":{"drawMode":0,"name":"Shaded","section":"Shading Mode"},"sceneLighting":false,"audioPlay":false,"sceneViewState":{"showFog":false,"showMaterialUpdate":false,"showSkybox":false,"showFlares":false,"showImageEffects":false,"showParticleSystems":false},"in2DMode":false,"pivot":{"x":44.45220184326172,"y":-36.07050323486328,"z":118.00627136230469},"rotation":{"x":0.10430591553449631,"y":0.07693982124328613,"z":-0.008088510483503342,"w":0.9915409684181213},"size":92.02023315429688,"orthographic":false}