{"cameraMode":{"drawMode":0,"name":"Shaded","section":"Shading Mode"},"sceneLighting":false,"audioPlay":false,"sceneViewState":{"showFog":false,"showMaterialUpdate":false,"showSkybox":false,"showFlares":false,"showImageEffects":false,"showParticleSystems":false},"in2DMode":false,"pivot":{"x":-7.6625823974609379,"y":15.345001220703125,"z":20.008922576904298},"rotation":{"x":0.18360233306884767,"y":0.7981904149055481,"z":-0.29935717582702639,"w":0.4895525276660919},"size":42.75116729736328,"orthographic":false}