{"cameraMode":{"drawMode":0,"name":"Shaded","section":"Shading Mode"},"sceneLighting":true,"audioPlay":false,"sceneViewState":{"showFog":false,"showMaterialUpdate":false,"showSkybox":false,"showFlares":false,"showImageEffects":false,"showParticleSystems":false},"in2DMode":false,"pivot":{"x":-123.12162017822266,"y":10.1256103515625,"z":-71.1856918334961},"rotation":{"x":0.1743449568748474,"y":0.08460438251495362,"z":-0.015093832276761532,"w":0.9809398651123047},"size":89.82184600830078,"orthographic":false}