{"cameraMode":{"drawMode":0,"name":"Shaded","section":"Shading Mode"},"sceneLighting":false,"audioPlay":false,"sceneViewState":{"showFog":false,"showMaterialUpdate":false,"showSkybox":false,"showFlares":false,"showImageEffects":false,"showParticleSystems":false},"in2DMode":false,"pivot":{"x":-1.0296344757080079,"y":6.839570999145508,"z":1.5875930786132813},"rotation":{"x":-0.04206303134560585,"y":-0.6648197174072266,"z":0.036641962826251987,"w":-0.7449970245361328},"size":81.99173736572266,"orthographic":false}