{"cameraMode":{"drawMode":0,"name":"Shaded","section":"Shading Mode"},"sceneLighting":true,"audioPlay":false,"sceneViewState":{"showFog":false,"showMaterialUpdate":false,"showSkybox":false,"showFlares":false,"showImageEffects":false,"showParticleSystems":false},"in2DMode":false,"pivot":{"x":24.965543746948243,"y":19.865989685058595,"z":-24.92807388305664},"rotation":{"x":0.014229274354875088,"y":-0.9336014986038208,"z":0.35604992508888247,"w":0.039795856922864917},"size":416.7035217285156,"orthographic":false}