{"cameraMode":{"drawMode":0,"name":"Shaded","section":"Shading Mode"},"sceneLighting":false,"audioPlay":false,"sceneViewState":{"showFog":false,"showMaterialUpdate":false,"showSkybox":false,"showFlares":false,"showImageEffects":false,"showParticleSystems":false},"in2DMode":false,"pivot":{"x":2.3287787437438967,"y":-4.2068986892700199,"z":-4.0122270584106449},"rotation":{"x":-0.022920427843928338,"y":-0.7467997074127197,"z":-0.025777500122785569,"w":0.6641620397567749},"size":63.850032806396487,"orthographic":true}