{"cameraMode":{"drawMode":0,"name":"Shaded","section":"Shading Mode"},"sceneLighting":true,"audioPlay":false,"sceneViewState":{"showFog":false,"showMaterialUpdate":false,"showSkybox":false,"showFlares":false,"showImageEffects":false,"showParticleSystems":false},"in2DMode":false,"pivot":{"x":-109.61604309082031,"y":176.29953002929688,"z":-65.5157699584961},"rotation":{"x":-0.27495890855789187,"y":-0.04544012248516083,"z":0.012181834317743779,"w":-0.960375189781189},"size":69.18148803710938,"orthographic":false}