{"cameraMode":{"drawMode":0,"name":"Shaded","section":"Shading Mode"},"sceneLighting":false,"audioPlay":false,"sceneViewState":{"showFog":false,"showMaterialUpdate":false,"showSkybox":false,"showFlares":false,"showImageEffects":false,"showParticleSystems":false},"in2DMode":false,"pivot":{"x":-1.2763749361038209,"y":65.16722106933594,"z":6.977574348449707},"rotation":{"x":-0.08620765805244446,"y":-0.7485405802726746,"z":0.09933661669492722,"w":-0.6499323844909668},"size":82.85018920898438,"orthographic":false}