{"cameraMode":{"drawMode":0,"name":"Shaded","section":"Shading Mode"},"sceneLighting":true,"audioPlay":false,"sceneViewState":{"showFog":false,"showMaterialUpdate":false,"showSkybox":false,"showFlares":false,"showImageEffects":false,"showParticleSystems":false},"in2DMode":false,"pivot":{"x":74.15016174316406,"y":-154.13287353515626,"z":12.44970703125},"rotation":{"x":-0.15223480761051179,"y":-0.04607885330915451,"z":0.005348945502191782,"w":-0.9873531460762024},"size":1520.0980224609375,"orthographic":false}