{"cameraMode":{"drawMode":0,"name":"Shaded","section":"Shading Mode"},"sceneLighting":false,"audioPlay":false,"sceneViewState":{"showFog":false,"showMaterialUpdate":false,"showSkybox":false,"showFlares":false,"showImageEffects":false,"showParticleSystems":false},"in2DMode":false,"pivot":{"x":1.9541912078857422,"y":-4.582688331604004,"z":1.6983206272125245},"rotation":{"x":-0.04742465913295746,"y":-0.7560354471206665,"z":0.05385001003742218,"w":-0.6507126092910767},"size":23.370943069458009,"orthographic":false}