{"cameraMode":{"drawMode":0,"name":"Shaded","section":"Shading Mode"},"sceneLighting":false,"audioPlay":false,"sceneViewState":{"showFog":false,"showMaterialUpdate":false,"showSkybox":false,"showFlares":false,"showImageEffects":false,"showParticleSystems":false},"in2DMode":false,"pivot":{"x":-24.27631378173828,"y":-6.478262901306152,"z":-81.55979919433594},"rotation":{"x":-0.08729111403226853,"y":-0.7646197080612183,"z":0.10479751229286194,"w":-0.6299766302108765},"size":57.22673797607422,"orthographic":false}