{"cameraMode":{"drawMode":0,"name":"Shaded","section":"Shading Mode"},"sceneLighting":false,"audioPlay":false,"sceneViewState":{"showFog":false,"showMaterialUpdate":false,"showSkybox":false,"showFlares":false,"showImageEffects":false,"showParticleSystems":false},"in2DMode":false,"pivot":{"x":-5.343194961547852,"y":70.10620880126953,"z":12.134342193603516},"rotation":{"x":-0.08215481787919998,"y":-0.9133808612823486,"z":0.3283848762512207,"w":-0.2264237105846405},"size":33.28291320800781,"orthographic":false}