{"cameraMode":{"drawMode":0,"name":"Shaded","section":"Shading Mode"},"sceneLighting":false,"audioPlay":false,"sceneViewState":{"showFog":false,"showMaterialUpdate":false,"showSkybox":false,"showFlares":false,"showImageEffects":false,"showParticleSystems":false},"in2DMode":false,"pivot":{"x":31.78518295288086,"y":-21.46171760559082,"z":7.150909423828125},"rotation":{"x":0.11322420835494995,"y":0.6589867472648621,"z":-0.10127865523099899,"w":0.7366648316383362},"size":131.33062744140626,"orthographic":false}