{"cameraMode":{"drawMode":0,"name":"Shaded","section":"Shading Mode"},"sceneLighting":true,"audioPlay":false,"sceneViewState":{"showFog":false,"showMaterialUpdate":false,"showSkybox":false,"showFlares":false,"showImageEffects":false,"showParticleSystems":false},"in2DMode":false,"pivot":{"x":0.08840417861938477,"y":10.133213996887207,"z":-0.4901905059814453},"rotation":{"x":-0.1832345426082611,"y":-0.04883343353867531,"z":0.0073478324338793758,"w":-0.9819265604019165},"size":89.14656066894531,"orthographic":false}