{"cameraMode":{"drawMode":0,"name":"Shaded","section":"Shading Mode"},"sceneLighting":true,"audioPlay":false,"sceneViewState":{"showFog":false,"showMaterialUpdate":false,"showSkybox":false,"showFlares":false,"showImageEffects":false,"showParticleSystems":false},"in2DMode":false,"pivot":{"x":26.943267822265626,"y":-136.82183837890626,"z":206.78379821777345},"rotation":{"x":0.11436688899993897,"y":-0.6784475445747376,"z":0.10923957824707031,"w":0.7175357937812805},"size":579.6956787109375,"orthographic":false}