{"cameraMode":{"drawMode":0,"name":"Shaded","section":"Shading Mode"},"sceneLighting":false,"audioPlay":false,"sceneViewState":{"showFog":false,"showMaterialUpdate":false,"showSkybox":false,"showFlares":false,"showImageEffects":false,"showParticleSystems":false},"in2DMode":false,"pivot":{"x":403.3873291015625,"y":299.48699951171877,"z":56.653282165527347},"rotation":{"x":0.32573768496513369,"y":-0.1874299794435501,"z":0.06605600565671921,"w":0.9243481755256653},"size":106.08672332763672,"orthographic":false}