{"cameraMode":{"drawMode":0,"name":"Shaded","section":"Shading Mode"},"sceneLighting":false,"audioPlay":false,"sceneViewState":{"showFog":false,"showMaterialUpdate":false,"showSkybox":false,"showFlares":false,"showImageEffects":false,"showParticleSystems":false},"in2DMode":false,"pivot":{"x":-81.90969848632813,"y":2.960491180419922,"z":-45.927635192871097},"rotation":{"x":-0.17921362817287446,"y":-0.6573874354362488,"z":0.16262739896774293,"w":-0.7137706279754639},"size":108.1739730834961,"orthographic":false}