{"cameraMode":{"drawMode":0,"name":"Shaded","section":"Shading Mode"},"sceneLighting":false,"audioPlay":false,"sceneViewState":{"showFog":false,"showMaterialUpdate":false,"showSkybox":false,"showFlares":false,"showImageEffects":false,"showParticleSystems":false},"in2DMode":false,"pivot":{"x":0.0000019073486328125,"y":2.999999523162842,"z":-0.000003814697265625},"rotation":{"x":0.0882449522614479,"y":0.7063241004943848,"z":-0.08947113901376724,"w":0.6966463923454285},"size":89.04652404785156,"orthographic":false}