{"cameraMode":{"drawMode":0,"name":"Shaded","section":"Shading Mode"},"sceneLighting":false,"audioPlay":false,"sceneViewState":{"showFog":false,"showMaterialUpdate":false,"showSkybox":false,"showFlares":false,"showImageEffects":false,"showParticleSystems":false},"in2DMode":false,"pivot":{"x":-1.1191076040267945,"y":-2.806699275970459,"z":-5.306410312652588},"rotation":{"x":-0.00436641788110137,"y":0.9402493238449097,"z":-0.3403533697128296,"w":-0.012067996896803379},"size":62.323097229003909,"orthographic":false}