{"cameraMode":{"drawMode":0,"name":"Shaded","section":"Shading Mode"},"sceneLighting":true,"audioPlay":false,"sceneViewState":{"showFog":false,"showMaterialUpdate":false,"showSkybox":false,"showFlares":false,"showImageEffects":false,"showParticleSystems":false},"in2DMode":false,"pivot":{"x":702.5647583007813,"y":565.50830078125,"z":0.736174464225769},"rotation":{"x":-0.08829720318317414,"y":-0.003009851323440671,"z":-0.0014705330831930042,"w":-0.9961836338043213},"size":223.97572326660157,"orthographic":false}