{"cameraMode":{"drawMode":0,"name":"Shaded","section":"Shading Mode"},"sceneLighting":false,"audioPlay":false,"sceneViewState":{"showFog":false,"showMaterialUpdate":false,"showSkybox":false,"showFlares":false,"showImageEffects":false,"showParticleSystems":false},"in2DMode":false,"pivot":{"x":-0.7711131572723389,"y":17.354167938232423,"z":1.5041911602020264},"rotation":{"x":-0.327964723110199,"y":-0.6038993000984192,"z":0.2976800203323364,"w":-0.6627928018569946},"size":44.49215316772461,"orthographic":false}