{"cameraMode":{"drawMode":0,"name":"Shaded","section":"Shading Mode"},"sceneLighting":true,"audioPlay":false,"sceneViewState":{"showFog":false,"showMaterialUpdate":false,"showSkybox":false,"showFlares":false,"showImageEffects":false,"showParticleSystems":false},"in2DMode":false,"pivot":{"x":-37.10582733154297,"y":34.99279022216797,"z":45.0483512878418},"rotation":{"x":0.21969415247440339,"y":0.05671805515885353,"z":-0.011869008652865887,"w":0.9739342331886292},"size":98.06095123291016,"orthographic":false}