{"cameraMode":{"drawMode":0,"name":"Shaded","section":"Shading Mode"},"sceneLighting":true,"audioPlay":false,"sceneViewState":{"showFog":false,"showMaterialUpdate":false,"showSkybox":false,"showFlares":false,"showImageEffects":false,"showParticleSystems":false},"in2DMode":false,"pivot":{"x":-117.74786376953125,"y":3.0303940773010256,"z":92.47221374511719},"rotation":{"x":-0.5470508933067322,"y":0.03174055740237236,"z":-0.02169858291745186,"w":-0.8362960815429688},"size":169.41098022460938,"orthographic":false}