{"cameraMode":{"drawMode":0,"name":"Shaded","section":"Shading Mode"},"sceneLighting":false,"audioPlay":false,"sceneViewState":{"showFog":false,"showMaterialUpdate":false,"showSkybox":false,"showFlares":false,"showImageEffects":false,"showParticleSystems":false},"in2DMode":false,"pivot":{"x":44.45220184326172,"y":-36.07050323486328,"z":118.00627136230469},"rotation":{"x":0.32573768496513369,"y":-0.1874299794435501,"z":0.06605600565671921,"w":0.9243481755256653},"size":92.02023315429688,"orthographic":false}