{"cameraMode":{"drawMode":0,"name":"Shaded","section":"Shading Mode"},"sceneLighting":false,"audioPlay":false,"sceneViewState":{"showFog":false,"showMaterialUpdate":false,"showSkybox":false,"showFlares":false,"showImageEffects":false,"showParticleSystems":false},"in2DMode":false,"pivot":{"x":404.15704345703127,"y":299.8587951660156,"z":58.03489685058594},"rotation":{"x":0.32573768496513369,"y":-0.1874299794435501,"z":0.06605600565671921,"w":0.9243481755256653},"size":68.95642852783203,"orthographic":false}