{"cameraMode":{"drawMode":0,"name":"Shaded","section":"Shading Mode"},"sceneLighting":false,"audioPlay":false,"sceneViewState":{"showFog":false,"showMaterialUpdate":false,"showSkybox":false,"showFlares":false,"showImageEffects":false,"showParticleSystems":false},"in2DMode":false,"pivot":{"x":-0.0038576126098632814,"y":-0.05338078737258911,"z":3.101205348968506},"rotation":{"x":0.029875658452510835,"y":-0.6969045400619507,"z":-0.029061544686555864,"w":-0.7159705758094788},"size":5.409233570098877,"orthographic":true}