{"cameraMode":{"drawMode":0,"name":"Shaded","section":"Shading Mode"},"sceneLighting":false,"audioPlay":false,"sceneViewState":{"showFog":false,"showMaterialUpdate":false,"showSkybox":false,"showFlares":false,"showImageEffects":false,"showParticleSystems":false},"in2DMode":false,"pivot":{"x":31.78518295288086,"y":-21.46171760559082,"z":7.150909423828125},"rotation":{"x":0.13086891174316407,"y":0.06172105297446251,"z":-0.008159146644175053,"w":0.9894503355026245},"size":131.33062744140626,"orthographic":false}