{"cameraMode":{"drawMode":0,"name":"Shaded","section":"Shading Mode"},"sceneLighting":false,"audioPlay":false,"sceneViewState":{"showFog":false,"showMaterialUpdate":false,"showSkybox":false,"showFlares":false,"showImageEffects":false,"showParticleSystems":false},"in2DMode":false,"pivot":{"x":-0.2339048981666565,"y":53.399925231933597,"z":-0.10491620004177094},"rotation":{"x":-0.06799563765525818,"y":-0.7038400173187256,"z":0.0679972842335701,"w":-0.703831672668457},"size":45.12187194824219,"orthographic":false}