{"cameraMode":{"drawMode":0,"name":"Shaded","section":"Shading Mode"},"sceneLighting":false,"audioPlay":false,"sceneViewState":{"showFog":false,"showMaterialUpdate":false,"showSkybox":false,"showFlares":false,"showImageEffects":false,"showParticleSystems":false},"in2DMode":false,"pivot":{"x":-0.034454345703125,"y":9.04855728149414,"z":0.07192420959472656},"rotation":{"x":-0.01570332795381546,"y":-0.7559279799461365,"z":-0.018146689981222154,"w":0.654220461845398},"size":123.03663635253906,"orthographic":true}