{"cameraMode":{"drawMode":0,"name":"Shaded","section":"Shading Mode"},"sceneLighting":true,"audioPlay":false,"sceneViewState":{"showFog":false,"showMaterialUpdate":false,"showSkybox":false,"showFlares":false,"showImageEffects":false,"showParticleSystems":false},"in2DMode":false,"pivot":{"x":0.0,"y":-18.628128051757814,"z":0.0000152587890625},"rotation":{"x":-0.3575563430786133,"y":-0.041105855256319049,"z":0.013901780359447003,"w":-0.932984471321106},"size":429.9424743652344,"orthographic":false}