{"cameraMode":{"drawMode":0,"name":"Shaded","section":"Shading Mode"},"sceneLighting":false,"audioPlay":false,"sceneViewState":{"showFog":false,"showMaterialUpdate":false,"showSkybox":false,"showFlares":false,"showImageEffects":false,"showParticleSystems":false},"in2DMode":false,"pivot":{"x":-8.798778533935547,"y":66.38453674316406,"z":12.050300598144532},"rotation":{"x":-0.10150345414876938,"y":-0.8661474585533142,"z":0.1940915733575821,"w":-0.4493710696697235},"size":76.65676879882813,"orthographic":false}