{"cameraMode":{"drawMode":0,"name":"Shaded","section":"Shading Mode"},"sceneLighting":false,"audioPlay":false,"sceneViewState":{"showFog":false,"showMaterialUpdate":false,"showSkybox":false,"showFlares":false,"showImageEffects":false,"showParticleSystems":false},"in2DMode":false,"pivot":{"x":10.21622085571289,"y":2.090608835220337,"z":14.278053283691407},"rotation":{"x":-0.08348029851913452,"y":0.06661009043455124,"z":-0.006276971194893122,"w":-0.9943215250968933},"size":87.13021087646485,"orthographic":false}