{"cameraMode":{"drawMode":0,"name":"Shaded","section":"Shading Mode"},"sceneLighting":false,"audioPlay":false,"sceneViewState":{"showFog":false,"showMaterialUpdate":false,"showSkybox":false,"showFlares":false,"showImageEffects":false,"showParticleSystems":false},"in2DMode":false,"pivot":{"x":2.974618911743164,"y":10.929740905761719,"z":-0.7896137237548828},"rotation":{"x":-0.0016899857437238098,"y":-0.020558491349220277,"z":-0.00003196372927050106,"w":0.9997973442077637},"size":106.9364013671875,"orthographic":false}