{"cameraMode":{"drawMode":0,"name":"Shaded","section":"Shading Mode"},"sceneLighting":false,"audioPlay":false,"sceneViewState":{"showFog":false,"showMaterialUpdate":false,"showSkybox":false,"showFlares":false,"showImageEffects":false,"showParticleSystems":false},"in2DMode":false,"pivot":{"x":-1.0296344757080079,"y":51.939571380615237,"z":1.5875930786132813},"rotation":{"x":-0.1044222041964531,"y":-0.693096935749054,"z":0.102584108710289,"w":-0.7058356404304504},"size":45.5053596496582,"orthographic":false}