{"cameraMode":{"drawMode":0,"name":"Shaded","section":"Shading Mode"},"sceneLighting":false,"audioPlay":false,"sceneViewState":{"showFog":false,"showMaterialUpdate":false,"showSkybox":false,"showFlares":false,"showImageEffects":false,"showParticleSystems":false},"in2DMode":false,"pivot":{"x":-24.185302734375,"y":7.880961894989014,"z":-72.22834777832031},"rotation":{"x":-0.08729111403226853,"y":-0.7646197080612183,"z":0.10479751229286194,"w":-0.6299766302108765},"size":94.7860107421875,"orthographic":false}