{"cameraMode":{"drawMode":0,"name":"Shaded","section":"Shading Mode"},"sceneLighting":false,"audioPlay":false,"sceneViewState":{"showFog":false,"showMaterialUpdate":false,"showSkybox":false,"showFlares":false,"showImageEffects":false,"showParticleSystems":false},"in2DMode":false,"pivot":{"x":12.422806739807129,"y":18.97601890563965,"z":-5.675126552581787},"rotation":{"x":0.13862906396389008,"y":0.5921239256858826,"z":-0.10436360538005829,"w":0.7869705557823181},"size":19.83152198791504,"orthographic":false}