{"cameraMode":{"drawMode":0,"name":"Shaded","section":"Shading Mode"},"sceneLighting":false,"audioPlay":false,"sceneViewState":{"showFog":true,"showMaterialUpdate":false,"showSkybox":true,"showFlares":true,"showImageEffects":true,"showParticleSystems":true},"in2DMode":false,"pivot":{"x":9.969802856445313,"y":24.05600357055664,"z":17.994853973388673},"rotation":{"x":-0.3752034306526184,"y":0.3113463819026947,"z":-0.13542471826076508,"w":-0.862523078918457},"size":92.91555786132813,"orthographic":false}