{"cameraMode":{"drawMode":0,"name":"Shaded","section":"Shading Mode"},"sceneLighting":false,"audioPlay":false,"sceneViewState":{"showFog":true,"showMaterialUpdate":false,"showSkybox":true,"showFlares":true,"showImageEffects":true,"showParticleSystems":true},"in2DMode":false,"pivot":{"x":2.2099990844726564,"y":9.699996948242188,"z":106.79998779296875},"rotation":{"x":-0.3752034306526184,"y":0.3113463819026947,"z":-0.13542471826076508,"w":-0.862523078918457},"size":149.3135223388672,"orthographic":false}